Model,Val_Accuracy,Val_Precision,Val_Recall,Val_F1,Val_Loss,Test_Accuracy,Test_Precision,Test_Recall,Test_F1,Test_Loss,Train_Val_Accuracy_Gap,Val_Acc_Change,Test_Acc_Change,Test_Prec_Change,Test_Rec_Change,Test_F1_Change
Baseline CNN,0.9779693484306335,0.9833119511604308,0.9871134161949158,0.9852090166683444,0.5334939956665039,0.7532051205635071,0.7185184955596924,0.9948717951774596,0.8344085867769634,27.765493392944336,0.025370717048645,,,,,
Improved V3 (Baseline + Augmentation),0.9645593762397766,0.9695044755935669,0.9832473993301392,0.9763275780273405,0.6494665145874023,0.7483974099159241,0.7137614488601685,0.9974358677864075,0.832085538249316,9.241901397705078,,-0.013409972190856934,-0.004807710647583008,-0.004757046699523926,0.002564072608947865,-0.00232304852764742
